{
    "title":"奥林匹克上空的烟火",
    "category":"xxx",
    "author":"SuperSuRaccoon",
    "createdAt":"2014-01-03",
    "updatedAt":"2014-01-03",
    "level":1,
    "prologue":"奥运会作为每四年一次的盛世，总会发生许多有趣的故事，这些故事不光发生在赛场上，在天空中也同样会上演...",
    "truth":"施放烟火的目的是为了让观众因为观赏烟火而不会同时涌出场馆，以免产生踩踏事件。",
    "actionPoint":10,
    "criticalPointRequired":1,
    "sentences":[
		{"id":1, "content":"这是发生在东京奥林匹克闭幕时的真实事情。", "hidden":0, "splits":[[1, 7, 0], [8, 11, 1], [12, 11, 0], [12, 13, 2], [14, 20, 0]]},
		{"id":2, "content":"听说当时会场燃放了场烟火。烟火本身并不是很精彩。", "hidden":0, "splits":[[1, 10, 0], [11, 12, 3], [13, 13, 0], [14, 15, 4], [16, 24, 0]]},
		{"id":3, "content":"但是策划这场烟火的工作人员，却对施放烟火的成功感到高兴。", "hidden":0, "splits":[[1, 6, 0], [7, 8, 5], [9, 9, 0], [10, 13, 6], [14, 18, 0], [19, 20, 7], [21, 21, 0], [22, 23, 8], [24, 28, 0]]},
		{"id":4, "content":"这到底是怎么一回事？", "hidden":0, "splits":[[1, 10, 0]]}
    ],
    "keywords":[
		{"id":1, "sentenceID":1, "keyword":"奥林匹克", "effect":1},
		{"id":2, "sentenceID":1, "keyword":"闭幕", "effect":2},
		{"id":3, "sentenceID":2, "keyword":"烟火", "effect":3},
		{"id":4, "sentenceID":2, "keyword":"烟火", "effect":3},
		{"id":5, "sentenceID":3, "keyword":"烟火", "effect":3},
		{"id":6, "sentenceID":3, "keyword":"工作人员", "effect":6},
		{"id":7, "sentenceID":3, "keyword":"烟火", "effect":3},
		{"id":8, "sentenceID":3, "keyword":"成功", "effect":6}
    ],
    "keywordGroups":[
		{"id":1, "keywords":"3,4,5,7"}
    ],
    "keywordEffects":[
		{"id":1, "type":1, "params":["奥林匹克运动会是国际奥林匹克委员会主办的包含多种体育运动项目的国际性运动会，每四年举行一次。"]},
		{"id":2, "type":3, "params":["和开幕闭幕没什么关系。"]},
		{"id":3, "type":2, "params":[1]},
		{"id":4, "type":2, "params":[1]},
		{"id":5, "type":2, "params":[1]},
		{"id":6, "type":1, "params":["这场烟火是工作人员特别策划的"]},
		{"id":7, "type":2, "params":[1]},
		{"id":8, "type":1, "params":["烟火是成功的，因为达到了目的"]}
    ],
    "hintPoints":[
		{"id":1, "keyword":"烟火", "name":"规模", "hintInfo":"和烟火的规模有什么关系吗", "effect":1},
		{"id":2, "keyword":"烟火", "name":"种类", "hintInfo":"和烟火的种类有什么关系吗", "effect":2},
		{"id":3, "keyword":"烟火", "name":"目的", "hintInfo":"和这场烟火的目的有什么关系吗", "effect":3},
		{"id":4, "keyword":"烟火", "name":"花费", "hintInfo":"和这场烟火的花费有什么关系吗", "effect":2}
    ],
    "hintPointEffects":[
		{"id":1, "type":3, "params":["精彩的提问，烟火的规模相当大，因为必须要做到能够引起在场观众的注意。"]},
		{"id":2, "type":1, "params":["相信我，和这个没什么关系。"]},
		{"id":3, "type":3, "params":["精彩的提问，这场烟火的目的，并不在于让观众称赞不已。"]}
    ],
    "hintAreas":[
		{"id":1, "hintPoints":"1,2,3,4"}
    ],
    "deducePoints":[
		{"id":1, "question":"烟火现场的状况有什么特点？", "answers":["很冷","很热","很多人","很吵闹"], "answerID":"3"},
		{"id":2, "question":"评价一下策划烟火的工作人员？", "answers":["愚蠢的","聪明的","积极的","懒惰的"], "answerID":"2"},
		{"id":3, "question":"烟火的真正目的是什么？", "answers":["取暖","让观众欣赏称赞","吸引观众注意力","做烟火推销"], "answerID":"3"}
    ]
}
